{
  "random_forest": {
    "accuracy": 0.7714285714285715,
    "precision": 0.7272727272727273,
    "recall": 0.8888888888888888,
    "f1_score": 0.8,
    "roc_auc": 0.8496732026143791,
    "average_precision": 0.8615037969140138,
    "brier_score": 0.16637218007033752,
    "confusion_matrix": [
      [
        11,
        6
      ],
      [
        2,
        16
      ]
    ],
    "roc_curve": {
      "fpr": [
        0.0,
        0.0,
        0.0,
        0.058823529411764705,
        0.058823529411764705,
        0.11764705882352941,
        0.11764705882352941,
        0.17647058823529413,
        0.17647058823529413,
        0.23529411764705882,
        0.23529411764705882,
        0.29411764705882354,
        0.29411764705882354,
        0.4117647058823529,
        0.4117647058823529,
        0.5882352941176471,
        0.5882352941176471,
        1.0
      ],
      "tpr": [
        0.0,
        0.05555555555555555,
        0.3888888888888889,
        0.3888888888888889,
        0.4444444444444444,
        0.4444444444444444,
        0.5,
        0.5,
        0.6666666666666666,
        0.6666666666666666,
        0.8333333333333334,
        0.8333333333333334,
        0.8888888888888888,
        0.8888888888888888,
        0.9444444444444444,
        0.9444444444444444,
        1.0,
        1.0
      ]
    },
    "precision_recall_curve": {
      "precision": [
        0.5142857142857142,
        0.5294117647058824,
        0.5454545454545454,
        0.5625,
        0.5806451612903226,
        0.6,
        0.6206896551724138,
        0.6428571428571429,
        0.6296296296296297,
        0.6538461538461539,
        0.68,
        0.7083333333333334,
        0.6956521739130435,
        0.7272727272727273,
        0.7619047619047619,
        0.75,
        0.7894736842105263,
        0.7777777777777778,
        0.7647058823529411,
        0.75,
        0.8,
        0.7857142857142857,
        0.7692307692307693,
        0.75,
        0.8181818181818182,
        0.8,
        0.8888888888888888,
        0.875,
        1.0,
        1.0,
        1.0,
        1.0,
        1.0,
        1.0,
        1.0,
        1.0
      ],
      "recall": [
        1.0,
        1.0,
        1.0,
        1.0,
        1.0,
        1.0,
        1.0,
        1.0,
        0.9444444444444444,
        0.9444444444444444,
        0.9444444444444444,
        0.9444444444444444,
        0.8888888888888888,
        0.8888888888888888,
        0.8888888888888888,
        0.8333333333333334,
        0.8333333333333334,
        0.7777777777777778,
        0.7222222222222222,
        0.6666666666666666,
        0.6666666666666666,
        0.6111111111111112,
        0.5555555555555556,
        0.5,
        0.5,
        0.4444444444444444,
        0.4444444444444444,
        0.3888888888888889,
        0.3888888888888889,
        0.3333333333333333,
        0.2777777777777778,
        0.2222222222222222,
        0.16666666666666666,
        0.1111111111111111,
        0.05555555555555555,
        0.0
      ]
    },
    "calibration_curve": {
      "predicted_probability": [
        0.12184601260047587,
        0.27538634867081535,
        0.362128684089871,
        0.4673467278559153,
        0.5292733376849438,
        0.5563259565712393,
        0.6310164164751199,
        0.6914966343438995,
        0.7897922675150175,
        0.914148255129741
      ],
      "observed_frequency": [
        0.0,
        0.0,
        0.25,
        0.3333333333333333,
        0.75,
        0.6666666666666666,
        0.6666666666666666,
        0.5,
        1.0,
        1.0
      ]
    },
    "subgroup_metrics": {}
  },
  "knn": {
    "accuracy": 0.6571428571428571,
    "precision": 0.875,
    "recall": 0.3888888888888889,
    "f1_score": 0.5384615384615384,
    "roc_auc": 0.7026143790849673,
    "average_precision": 0.7407268657268657,
    "brier_score": 0.27930029154518954,
    "confusion_matrix": [
      [
        16,
        1
      ],
      [
        11,
        7
      ]
    ],
    "roc_curve": {
      "fpr": [
        0.0,
        0.0,
        0.0,
        0.058823529411764705,
        0.058823529411764705,
        0.11764705882352941,
        0.17647058823529413,
        0.5294117647058824,
        1.0
      ],
      "tpr": [
        0.0,
        0.05555555555555555,
        0.2222222222222222,
        0.2777777777777778,
        0.3888888888888889,
        0.5,
        0.5555555555555556,
        0.7222222222222222,
        1.0
      ]
    },
    "precision_recall_curve": {
      "precision": [
        0.5142857142857142,
        0.5909090909090909,
        0.7692307692307693,
        0.8181818181818182,
        0.875,
        0.8333333333333334,
        1.0,
        1.0,
        1.0
      ],
      "recall": [
        1.0,
        0.7222222222222222,
        0.5555555555555556,
        0.5,
        0.3888888888888889,
        0.2777777777777778,
        0.2222222222222222,
        0.05555555555555555,
        0.0
      ]
    },
    "calibration_curve": {
      "predicted_probability": [
        0.0,
        0.14285714285714282,
        0.2857142857142857,
        0.48571428571428565,
        0.7142857142857143,
        0.8928571428571429
      ],
      "observed_frequency": [
        0.38461538461538464,
        0.3333333333333333,
        0.5,
        0.8,
        0.5,
        1.0
      ]
    },
    "subgroup_metrics": {}
  },
  "xgboost": {
    "accuracy": 0.8,
    "precision": 0.7619047619047619,
    "recall": 0.8888888888888888,
    "f1_score": 0.8205128205128205,
    "roc_auc": 0.9248366013071896,
    "average_precision": 0.9375686498855836,
    "brier_score": 0.1324625462293625,
    "confusion_matrix": [
      [
        12,
        5
      ],
      [
        2,
        16
      ]
    ],
    "roc_curve": {
      "fpr": [
        0.0,
        0.0,
        0.0,
        0.11764705882352941,
        0.11764705882352941,
        0.17647058823529413,
        0.17647058823529413,
        0.35294117647058826,
        0.35294117647058826,
        0.4117647058823529,
        0.4117647058823529,
        1.0
      ],
      "tpr": [
        0.0,
        0.05555555555555555,
        0.6666666666666666,
        0.6666666666666666,
        0.7777777777777778,
        0.7777777777777778,
        0.8888888888888888,
        0.8888888888888888,
        0.9444444444444444,
        0.9444444444444444,
        1.0,
        1.0
      ]
    },
    "precision_recall_curve": {
      "precision": [
        0.5142857142857142,
        0.5294117647058824,
        0.5454545454545454,
        0.5625,
        0.5806451612903226,
        0.6,
        0.6206896551724138,
        0.6428571428571429,
        0.6666666666666666,
        0.6923076923076923,
        0.72,
        0.7083333333333334,
        0.7391304347826086,
        0.7272727272727273,
        0.7619047619047619,
        0.8,
        0.8421052631578947,
        0.8333333333333334,
        0.8235294117647058,
        0.875,
        0.8666666666666667,
        0.8571428571428571,
        0.9230769230769231,
        1.0,
        1.0,
        1.0,
        1.0,
        1.0,
        1.0,
        1.0,
        1.0,
        1.0,
        1.0,
        1.0,
        1.0,
        1.0
      ],