{
  "random_forest": {
    "accuracy": 0.8085106382978723,
    "precision": 0.8235294117647058,
    "recall": 0.7,
    "f1_score": 0.7567567567567568,
    "roc_auc": 0.925925925925926,
    "average_precision": 0.9188871621881369,
    "brier_score": 0.11374207682855765,
    "confusion_matrix": [
      [
        24,
        3
      ],
      [
        6,
        14
      ]
    ],
    "roc_curve": {
      "fpr": [
        0.0,
        0.0,
        0.0,
        0.1111111111111111,
        0.1111111111111111,
        0.25925925925925924,
        0.25925925925925924,
        0.3333333333333333,
        0.3333333333333333,
        1.0
      ],
      "tpr": [
        0.0,
        0.05,
        0.7,
        0.7,
        0.75,
        0.75,
        0.95,
        0.95,
        1.0,
        1.0
      ]
    },
    "precision_recall_curve": {
      "precision": [
        0.425531914893617,
        0.43478260869565216,
        0.4444444444444444,
        0.45454545454545453,
        0.46511627906976744,
        0.47619047619047616,
        0.4878048780487805,
        0.5,
        0.5128205128205128,
        0.5263157894736842,
        0.5405405405405406,
        0.5555555555555556,
        0.5714285714285714,
        0.5882352941176471,
        0.6060606060606061,
        0.625,
        0.6451612903225806,
        0.6666666666666666,
        0.6896551724137931,
        0.6785714285714286,
        0.7037037037037037,
        0.7307692307692307,
        0.72,
        0.7083333333333334,
        0.6956521739130435,
        0.6818181818181818,
        0.7142857142857143,
        0.75,
        0.7894736842105263,
        0.8333333333333334,
        0.8235294117647058,
        0.875,
        0.9333333333333333,
        1.0,
        1.0,
        1.0,
        1.0,
        1.0,
        1.0,
        1.0,
        1.0,
        1.0,
        1.0,
        1.0,
        1.0,
        1.0,
        1.0,
        1.0
      ],
      "recall": [
        1.0,
        1.0,
        1.0,
        1.0,
        1.0,
        1.0,
        1.0,
        1.0,
        1.0,
        1.0,
        1.0,
        1.0,
        1.0,
        1.0,
        1.0,
        1.0,
        1.0,
        1.0,
        1.0,
        0.95,
        0.95,
        0.95,
        0.9,
        0.85,
        0.8,
        0.75,
        0.75,
        0.75,
        0.75,
        0.75,
        0.7,
        0.7,
        0.7,
        0.7,
        0.65,
        0.6,
        0.55,
        0.5,
        0.45,
        0.4,
        0.35,
        0.3,
        0.25,
        0.2,
        0.15,
        0.1,
        0.05,
        0.0
      ]
    },
    "calibration_curve": {
      "predicted_probability": [
        0.009792420064840926,
        0.047544699837866064,
        0.10719262552544682,
        0.18458683509058046,
        0.2682874978459774,
        0.35311069837194026,
        0.570418879444045,
        0.7917917572277527,
        0.8720597723502086,
        0.9328275976857002
      ],
      "observed_frequency": [
        0.0,
        0.0,
        0.0,
        0.2,
        0.6,
        0.25,
        0.2,
        1.0,
        1.0,
        1.0
      ]
    },
    "subgroup_metrics": {
      "sex": [
        {
          "group": "F",
          "count": 33,
          "positive_rate": 0.3939393939393939,
          "accuracy": 0.8787878787878788,
          "precision": 0.9090909090909091,
          "recall": 0.7692307692307693,
          "f1_score": 0.8333333333333334
        },
        {
          "group": "M",
          "count": 14,
          "positive_rate": 0.5,
          "accuracy": 0.6428571428571429,
          "precision": 0.6666666666666666,
          "recall": 0.5714285714285714,
          "f1_score": 0.6153846153846154
        }
      ],
      "Age": [
        {
          "group": "under_60",
          "count": 10,
          "positive_rate": 0.0,
          "accuracy": 1.0,
          "precision": 0.0,
          "recall": 0.0,
          "f1_score": 0.0
        },
        {
          "group": "60_69",
          "count": 11,
          "positive_rate": 0.36363636363636365,
          "accuracy": 0.7272727272727273,
          "precision": 0.6666666666666666,
          "recall": 0.5,
          "f1_score": 0.5714285714285714
        },
        {
          "group": "70_79",
          "count": 15,
          "positive_rate": 0.5333333333333333,
          "accuracy": 0.7333333333333333,
          "precision": 0.8333333333333334,
          "recall": 0.625,
          "f1_score": 0.7142857142857143
        },
        {
          "group": "80_plus",
          "count": 11,
          "positive_rate": 0.7272727272727273,
          "accuracy": 0.8181818181818182,
          "precision": 0.875,
          "recall": 0.875,
          "f1_score": 0.875
        }
      ]
    }
  },
  "knn": {
    "accuracy": 0.7659574468085106,
    "precision": 0.7368421052631579,
    "recall": 0.7,
    "f1_score": 0.717948717948718,
    "roc_auc": 0.8981481481481483,
    "average_precision": 0.8727518095939149,
    "brier_score": 0.1276595744680851,
    "confusion_matrix": [
      [
        22,
        5
      ],
      [
        6,
        14
      ]
    ],
    "roc_curve": {
      "fpr": [
        0.0,
        0.0,
        0.0,
        0.1111111111111111,
        0.18518518518518517,
        0.2962962962962963,
        0.48148148148148145,
        0.6296296296296297,
        1.0
      ],
      "tpr": [
        0.0,
        0.4,
        0.6,
        0.6,
        0.7,
        0.9,
        1.0,
        1.0,
        1.0
      ]
    },
    "precision_recall_curve": {
      "precision": [
        0.425531914893617,
        0.5405405405405406,
        0.6060606060606061,
        0.6923076923076923,
        0.7368421052631579,
        0.8,
        1.0,
        1.0,
        1.0
      ],
      "recall": [
        1.0,
        1.0,
        1.0,
        0.9,
        0.7,
        0.6,
        0.6,
        0.4,
        0.0
      ]
    },
    "calibration_curve": {
      "predicted_probability": [
        0.0,
        0.14285714285714285,
        0.28571428571428564,
        0.4285714285714285,
        0.6326530612244898,
        0.8571428571428571,
        1.0
      ],
      "observed_frequency": [
        0.0,
        0.0,
        0.2857142857142857,
        0.5714285714285714,
        0.2857142857142857,
        1.0,
        1.0
      ]
    },
    "subgroup_metrics": {
      "sex": [
        {
          "group": "F",
          "count": 33,
          "positive_rate": 0.3939393939393939,
          "accuracy": 0.8181818181818182,
          "precision": 0.8181818181818182,
          "recall": 0.6923076923076923,
          "f1_score": 0.75
        },
        {
          "group": "M",
          "count": 14,
          "positive_rate": 0.5,
          "accuracy": 0.6428571428571429,
          "precision": 0.625,
          "recall": 0.7142857142857143,
          "f1_score": 0.6666666666666666
        }
      ],
      "Age": [
        {
          "group": "under_60",
          "count": 10,
          "positive_rate": 0.0,
          "accuracy": 1.0,
          "precision": 0.0,
          "recall": 0.0,
          "f1_score": 0.0
        },
        {
          "group": "60_69",
          "count": 11,
          "positive_rate": 0.36363636363636365,
          "accuracy": 0.7272727272727273,
          "precision": 0.6,
          "recall": 0.75,
          "f1_score": 0.6666666666666666
        },
        {
          "group": "70_79",
          "count": 15,
          "positive_rate": 0.5333333333333333,
          "accuracy": 0.6,
          "precision": 0.6666666666666666,
          "recall": 0.5,
          "f1_score": 0.5714285714285714
        },
        {
          "group": "80_plus",
          "count": 11,
          "positive_rate": 0.7272727272727273,
          "accuracy": 0.8181818181818182,
          "precision": 0.875,
          "recall": 0.875,
          "f1_score": 0.875
        }
      ]
    }
  },
  "xgboost": {
    "accuracy": 0.8085106382978723,
    "precision": 0.8235294117647058,